order,Area,notes,Country,small,Age04,Age59,Age915,Age1519,Age2024,Age2529,Age3034,Age3539,Age4044,Age4549,Age5054,Age5559,Age6064,Age65plus
9,Burundi,,108,No,1886.243,1462.528,1167.554,1053.37,1000.926,872.362,671.215,477.099,363.01,315.764,270.393,225.239,152.774,244.057
10,Comoros,,174,No,116.247,104.082,88.768,72.177,61.803,59.453,53.078,41.625,34.131,28.415,23.38,18.273,12.623,20.862
11,Djibouti,,262,No,108.523,96.842,88.399,89.648,93.517,80.278,64.3,57.665,45.585,39.657,32.55,23.398,17.904,34.666
12,Eritrea,,232,No,1062.768,917.595,750.588,633.759,611.653,572.22,473.022,345.482,248.581,196.813,159.626,123.772,94.801,142.459
13,Ethiopia,,231,No,14254.55,13332.894,12564.361,11026.324,8841.939,7112.763,5901.847,4724.597,3921.2,3042.379,2462.022,2041.578,1653.743,3220.56
14,Kenya,,404,No,7051.217,6303.526,5370.089,4541.915,4177.843,3881.344,3216.237,2483.628,1856.08,1425.145,1166.424,961.989,733.238,1185.015
15,Madagascar,,450,No,3603.876,3202.479,2905.744,2551.83,2124.678,1706.983,1421.421,1288.215,1039.318,831.952,673.636,539.109,390.736,644.873
16,Malawi,,454,No,2842.628,2489.764,2067.833,1826.398,1551.663,1230.451,1018.479,821.806,564.313,440.443,382.826,322.795,280.394,522.772
17,Mauritius,(1),480,No,71.762,81.337,92.65,97.142,99.029,91.029,96.111,98.24,86.356,92.328,91.804,75.958,61.936,108.721
18,Mayotte,,175,No,34.441,36.973,29.409,20.024,16.262,14.087,13.439,15.2,13.735,9.881,6.149,4.423,3.182,4.948
19,Mozambique,,508,No,4417.134,3947.632,3350.261,2705.156,2313.77,1930.612,1571.348,1254.46,983.104,801.446,685.825,572.747,454.785,845.469
20,Réunion,,638,No,73.275,74.685,71.987,67.524,71.135,70.643,60.737,52.886,56.483,63.876,56.725,45.877,35.063,74.477
21,Rwanda,,646,No,1887.958,1626.679,1524.13,1352.359,996.403,1062.207,854.398,616.126,440.072,367.449,324.691,248.733,195.835,279.481
22,Seychelles,,690,No,7.189,6.552,6.838,7.041,7.269,7.55,7.551,7.515,7.464,7.033,6.281,4.474,2.92,7.162
23,Somalia,,706,No,1947.38,1625.713,1373.424,1149.297,902.057,727.844,590.241,484.135,403.009,333.168,270.903,219.835,172.964,295.61
24,South Sudan,,728,No,1776.341,1564.27,1403.766,1243.02,1064.104,870.731,707.568,596.774,498.232,408.062,324.764,247.49,196.853,394.199
25,Uganda,,800,No,7113.52,6020.677,5039.04,4166.876,3428.121,2761.203,2204.23,1722.81,1325.812,1015.4,775.427,610.903,485.439,909.42
26,United Republic of Tanzania,(2),834,No,8637.155,7373.165,6068.411,5104.539,4441.574,3831.462,3190.074,2535.99,1925.613,1493.273,1221.84,1018.691,835.674,1575.667
27,Zambia,,894,No,2663.466,2208.167,1903.597,1574.905,1290.338,1102.222,947.58,777.706,575.276,408.505,294.66,225.613,186.225,380.383
28,Zimbabwe,,716,No,2045.681,1857.314,1703.443,1649.866,1589.304,1420.684,1097.165,691.337,411.281,297.528,283.239,296.146,256.215,550.442
30,Angola,,24,No,4007.994,3389.147,2783.635,2283.36,1892.131,1561.174,1267.04,1011.7,809.799,668.643,541.456,426.188,314.462,514.888
31,Cameroon,,120,No,3627.35,3165.051,2756.202,2410.246,2136.207,1827.65,1471.581,1142.905,900.877,714.023,565.611,452.426,367.611,716.219
32,Central African Republic,,140,No,674.795,600.084,561.015,501.437,444.881,394.626,324.886,255.915,198.754,156.721,130.096,108.941,87.543,176.724
33,Chad,,148,No,2452.74,2034.768,1710.797,1419.037,1154.084,928.332,743.222,583.395,447.124,346.254,282.761,235.202,179.249,308.35
34,Congo,,178,No,736.288,622.456,529.1,447.67,382.844,342.941,304.606,258.581,207.518,162.199,126.205,99.157,77.712,150.353
35,Democratic Republic of the Congo,,180,No,11883.541,9922.372,8526.887,7317.323,6144.755,5000.28,4085.534,3339.295,2760.381,2255.554,1811.813,1425.123,1115.896,1924.922
36,Equatorial Guinea,,226,No,114.266,96.48,82.906,75.759,70.387,59.501,42.952,36.475,40.333,41.352,35.865,25.51,14.251,20.978
37,Gabon,,266,No,242.982,212.2,187.401,170.112,155.387,136.183,114,93.638,78.152,64.684,51.957,42.83,36.082,86.107
38,Sao Tome and Principe,,678,No,30.608,27.332,22.34,19.18,17.664,17.405,15.164,10.396,7.692,6.658,5.319,4.13,2.608,6.497
40,Algeria,,12,No,4474.611,3506.186,2883.23,3331.252,3843.205,4020.116,3617.644,2913.944,2485.129,2097.636,1695.269,1440.03,1087.607,1812.335
41,Egypt,,818,No,9205.789,8526.878,7798.762,7543.065,7614.691,7564.698,6344.859,4970.775,4319.66,4225.179,3788.322,3033.239,2404.687,4715.773
42,Libya,,434,No,641.758,623.196,564.215,538.98,556.188,575.484,574.716,496.966,403.131,324.26,258.341,200.24,146.936,297.112
43,Morocco,,504,No,3444.292,2840.354,2909.071,3075.052,3077.915,2915.189,2675.801,2299.412,2093.687,1945.408,1742.004,1401.93,945.339,1642.696
44,Sudan,(3),729,No,5734.732,5214.72,4679.832,4053.755,3462.819,2952.333,2576.869,2179.86,1776.506,1417.61,1119.513,882.845,685.087,1227.824
45,Tunisia,,788,No,921.312,844.127,784.674,868.656,1000.648,1023.558,953.123,803.118,718.592,712.822,639.048,535.379,401.946,789.513
46,Western Sahara,,732,No,55.13,50.692,44.809,45.601,51.294,53.773,54.988,52.164,45.589,37.236,28.6,20.362,12.135,14.939
47,Southern Africa,,913,,6349.528,6236.567,5695.061,5633.418,5945.463,5874.83,5036.819,3916.535,3193.672,2793.873,2566.986,2214.854,1762.637,3204.327
48,Botswana,,72,No,230.587,225.71,220.914,222.219,222.501,215.591,182.255,126.648,79.507,60.875,58.601,57.925,44.663,73.149
49,Lesotho,,426,No,260.414,245.081,248.036,249.469,233.65,209.838,163.985,107.124,69.947,54.59,51.015,50.516,44.08,86.721
50,Namibia,,516,No,284.358,275.388,270.218,262.898,238.626,196.706,164.036,141.412,116.704,94.45,75.336,57.722,43.905,81.557
51,South Africa,,710,No,5404.812,5335.285,4808.767,4748.384,5101.687,5128.47,4441.688,3484.7,2883.46,2545.827,2348.499,2019.296,1605.822,2919.433
52,Swaziland,,748,No,169.357,155.103,147.126,150.448,148.999,124.225,84.855,56.651,44.054,38.131,33.535,29.395,24.167,43.467
54,Benin,,204,No,1655.359,1465.343,1287.8,1109.334,944.119,794.478,667.321,556.65,463.34,379.7,299.616,229.834,172.712,297.868
55,Burkina Faso,,854,No,2976.392,2539.65,2183.61,1851.353,1546.121,1295.43,1075.876,854.115,673.678,540.407,420.797,322.958,241.943,412.508
56,Cape Verde,,132,No,48.417,47.658,50.857,55.866,55.657,47.606,38.515,30.363,25.715,25.511,21.468,15.065,9.427,26.771
57,Côte d'Ivoire,,384,No,3207.989,2706.757,2478.394,2203.333,1849.05,1560.012,1331.104,1125.738,926.89,763.876,626.764,502.378,393.758,640.044
58,Gambia,,270,No,338.969,275.856,232.907,196.708,166.429,142.948,121.127,93.576,71.203,59.963,45.342,35.232,24.723,44.302
59,Ghana,,288,No,3669.007,3323.611,2960.909,2703.174,2465.202,2155.047,1865.412,1557.092,1289.427,1050.873,831.96,643.561,487.029,902.296
60,Guinea,,324,No,1882.851,1638.301,1441.2,1259.821,1080.699,906.706,748.03,608.818,496.599,418.878,360.876,306.048,232.122,364.241
61,Guinea-Bissau,,624,No,269.375,231.952,204.007,180.749,157.12,134.929,112.281,100.955,81.607,45.758,49.482,46.104,40.789,49.148
62,Liberia,,430,No,685.464,617.278,537.028,444.136,373.65,333.035,286.591,236.506,192.705,155.794,126.302,100.454,75.048,130.087
63,Mali,,466,No,2945.298,2349.013,1944.57,1599.782,1316.81,1115.78,946.858,772.049,600.11,448.564,341.738,275.022,222.032,424.024
64,Mauritania,,478,No,583.354,516.28,458.163,403.43,353.874,309.181,269.603,231.953,192.448,156.118,125.27,96.5,70.58,123.128
65,Niger,,562,No,3690.522,2886.915,2346.144,1810.738,1343.538,1095.414,946.608,805.688,659.395,582.099,522.996,386.208,288.943,466.061
66,Nigeria,,566,No,30545.544,25231.322,21143.171,17739.018,15120.293,13156.541,11304.668,9319.456,7444.806,5994.874,4929.226,3920.343,3037.984,4728.097
68,Senegal,,686,No,2381.51,2025.277,1739.852,1507.489,1329.034,1133.855,934.485,754.679,584.097,451.769,361.073,287.999,220.806,421.355
69,Sierra Leone,,694,No,936.13,837.895,753.017,641.952,551.323,496.265,435.024,359.361,285.198,221.72,172.652,134.232,106.658,160.649
70,Togo,,768,No,1093.752,940.11,816.125,716.799,643.306,567.114,477.872,386.192,301.498,235.895,187.286,148.476,115.739,186.818
73,Kazakhstan,,398,No,1636.135,1439.76,1159.592,1225.376,1463.594,1504.047,1296.726,1164.94,1079.936,1024.884,961.763,809.226,590.041,1084.567
74,Kyrgyzstan,,417,No,674.92,531.2,480.003,543.101,601.765,543.771,389.602,330.416,318.994,302.985,279.515,195.218,127.616,228.443
75,Tajikistan,,762,No,1182.333,923.13,833.638,866.567,856.152,764.704,575.177,466.396,413.342,376.928,324.123,226.985,137.833,260.524
76,Turkmenistan,,795,No,519.234,496.782,477.561,500.449,562.744,503.33,416.354,361.437,317.055,289.161,260.963,196.626,125.575,212.802
77,Uzbekistan,,860,No,2938.456,2721.822,2606.043,2952.946,3131.676,2764.058,2275.211,1963.858,1674.38,1525.799,1419.368,1067.344,658.732,1234.407
79,China,(5),156,No,91126.614,82932.899,79087.614,92409.493,123460.148,127399.981,97924.721,103818.282,124154.897,116421.183,92758.593,80549.597,71130.096,125722.19
80,Democratic People's Republic of Korea,(6),408,No,1722.885,1763.369,1912.856,1992.183,1971.34,1882.589,1654.751,1736.604,2329.099,1934.549,1578.43,1291.947,782.037,2342.842
81,"China, Hong Kong Special Administrative Region",(7),344,No,311.259,237.623,293.2,399.064,461.777,504.746,555.002,566.75,578.75,621.626,652.453,569.034,443.162,1009.39
82,Japan,,392,No,5367.364,5458.174,5743.841,5997.822,6331.324,7069.077,7727.103,9000.388,9465.468,8273.058,7662.725,7875.32,9228.03,31943.883
83,"China, Macao Special Administrative Region",,446,No,26.91,20.501,21.921,34.183,49.58,58.158,51.415,43.238,46.297,47.716,49.36,41.386,29.809,45.9
84,Mongolia,,496,No,304.362,252.917,215.564,244.786,294.797,296.026,241.502,219.124,195.488,171.755,141.407,93.495,60.042,107.81
85,Republic of Korea,,410,No,2321.197,2257.211,2728.482,3396.617,3347.241,3358.199,3748.204,3955.9,4203.293,4145.32,4010.539,3354.087,2428.965,6007.442
86,South-Eastern Asia,,920,,56081.89,56911.897,55371.511,54432.772,53506.985,52090.529,50391.558,45628.746,42441.455,38009.052,32766.108,26585.447,19132.174,35442.589
87,Brunei Darussalam,,96,No,33.348,36.133,36.411,34.514,34.697,31.133,30.237,34.976,35.849,31.933,26.375,20.755,13.513,17.914
88,Cambodia,,116,No,1713.398,1526.753,1472.531,1521.35,1469.69,1555.816,1340.96,629.578,859.024,758.76,621.275,470.039,384.002,811.991
89,Indonesia,,360,No,23869.346,24919.734,23393.931,21696.652,20062.178,20155.904,20768.83,19084.05,17585.293,15355.533,12796.68,10023.754,7135.731,13018.015
90,Lao People's Democratic Republic,,418,No,861.696,783.69,731.4,801.196,750.168,599.779,469.105,382.611,319.248,267.343,225.592,182.314,139.76,255.824
91,Malaysia,(8),458,No,2533.601,2507.685,2729.54,2817.867,2920.141,2863.522,2512.637,2012.813,1865.279,1707.135,1503.647,1224.836,928.064,1590.2
92,Myanmar,,104,No,4380.259,4364.538,4510.951,4712.05,4743.327,4887.016,4763.312,4231.538,3783.666,3294.278,2767.448,2334.62,1708.201,2777.813
93,Philippines,,608,No,11423.472,11165.194,11019.505,10107.626,9248.776,8245.888,7119.719,6188.349,5393.426,4748.792,4056.268,3365.476,2479.667,3831.415
94,Singapore,,702,No,278.043,276.358,313.494,371.123,394.868,383.648,414.134,436.508,441.229,432.838,434.869,382.653,300.326,551.646
95,Thailand,,764,No,3651.065,4110.665,4382.331,4530.011,4626.02,4760.877,5217.691,5584.485,5647.529,5487.406,4998.306,4275.5,3225.452,6513.161
96,Timor-Leste,,626,No,185.962,169.209,162.904,154.567,109.514,78.57,52.317,33.298,38.503,30.99,30.037,27.555,22.313,37.14
97,Viet Nam,,704,No,7151.7,7051.938,6618.513,7685.816,9147.606,8528.376,7702.616,7010.54,6472.409,5894.044,5305.611,4277.945,2795.145,6037.47
99,Afghanistan,,4,No,4900.058,4889.281,4461.966,3612.127,2676.562,2115.174,1765.431,1454.409,1183.581,956.299,758.347,594.226,469.039,715.176
100,Bangladesh,,50,No,15206.978,15534.361,16283.107,16038.498,15207.156,14233.333,12982.041,11131.702,9535.412,8363.77,6550.724,4640.193,3432.976,7454.713
101,Bhutan,,64,No,70.812,69.167,71.154,74.655,78.619,80.102,72.177,55.072,43.083,35.648,27.708,23.011,16.605,36.132
102,India,,356,No,121814.998,120861.016,121444.653,117997.834,114584.43,108029.233,98324.526,87687.916,77669.719,69297.515,59728.2,50563.593,38205.192,65930.771
103,Iran (Islamic Republic of),,364,No,7033.973,6045.704,5356.783,6124.395,7903.939,8978.132,7788.683,5858.284,5057.277,4495.118,3604.837,2933.441,2158.806,4107.798
104,Maldives,,462,No,36.494,31.317,31.177,35.365,38.199,37.334,28.962,21.906,19.579,17.209,14.205,10.156,6.062,17.056
105,Nepal,,524,No,2926.04,3306.222,3418.378,3047.639,2573.189,2164.319,1791.287,1646.028,1496.239,1283.173,1071.564,901.579,743.931,1427.868
106,Pakistan,,586,No,21427.366,20380.487,19706.445,20131.236,18660.332,16351.179,13320.429,11009.01,9215.769,8051.895,6832.243,5245.887,3840.116,7970.2
107,Sri Lanka,,144,No,1886.521,1794.502,1672.435,1594.276,1583.591,1625.512,1651.222,1495.882,1408.305,1408.198,1312.631,1136.079,902.631,1801.444
109,Armenia,,51,No,208.004,207.861,188.357,213.847,270.166,280.354,232.543,188.678,167.248,193.065,217.998,181.649,120.334,306.463
110,Azerbaijan,(9),31,No,779.762,660.355,647.982,803.659,955.844,930.08,763.559,638.162,627.796,676.912,657.559,471.297,272.943,527.512
111,Bahrain,,48,No,102.601,92.283,81.432,76.703,112.148,197.77,177.676,119.981,126.308,84.62,68.041,48.026,15.405,29.178
112,Cyprus,(10),196,No,64.92,62.78,65.359,80.28,96.833,98.184,100.002,86.047,77.673,73.697,72.143,66.482,56.687,140.078
113,Georgia,(11),268,No,293.087,266.879,216.423,266.385,347.136,338.4,294.109,281.233,266.992,292.486,333.381,287.413,232.288,624.685
114,Iraq,,368,No,4915.341,4523.129,4094.346,3597.099,3128.01,2727.384,2370.661,2070.487,1732.155,1299.808,860.739,747.235,618.862,1079.976
115,Israel,,376,No,777.791,719.902,647.866,592.296,558.221,557.128,541.235,524.629,472.143,400.175,379.818,384.161,357.967,819.81
116,Jordan,,400,No,936.043,814.454,703.586,698.841,691.219,679.907,638.657,530.477,433.813,337.175,247.652,173.583,131.162,257.23
117,Kuwait,,414,No,320.667,271.994,240.813,230.983,275.642,411.834,471.643,357.257,258.421,198.86,123.939,80.212,49.732,76.578
118,Lebanon,,422,No,305.095,310.256,383.902,454.777,498.584,478.869,414.372,332.223,297.933,297.479,262.327,204.52,167.297,414.336
119,State of Palestine,(12),275,No,615.875,570.476,548.064,521.283,440.358,336.313,288.855,239.62,196.758,162.799,122.359,85.986,69.552,127.996
120,Oman,,512,No,345.753,261.127,230.63,285.111,500.75,687.871,516.249,233.621,157.043,116.649,83.642,68.814,40.602,104.582
121,Qatar,,634,No,109.248,94.069,86.811,80.045,209.568,396.114,383.789,285.919,220.683,139.802,81.634,44.689,15.584,20.718
122,Saudi Arabia,,682,No,2943.645,2989.07,2495.899,2153.475,2455.399,2744.541,2904.387,2867.912,2135.392,1564.776,1259.661,916.773,561.955,835.987
123,Syrian Arab Republic,,760,No,2598.023,2583.398,2533.037,2292.294,2051.665,1963.583,1712.488,1346.771,1071.708,934.566,787.023,639.33,493.437,890.737
124,Turkey,,792,No,6345.2,6399.316,6475.554,6411.857,6268.856,6339.046,6223.491,5731.459,5038.484,4381.152,3867.5,3328.181,2592.896,5529.652
125,United Arab Emirates,,784,No,646.321,453.095,303.616,494.163,1067.481,1763.007,1998.506,1471.25,636.702,210.379,133.921,83.099,47.437,37.15
126,Yemen,,887,No,3455.394,3237.814,3109.404,2953.588,2669.253,2178.594,1712.844,1193.947,843.28,738.592,659.842,537.977,417.553,699.299
129,Belarus,,112,No,516.37,482.583,433.106,504.165,679.024,776.864,719.537,664.355,642.894,675.773,753.332,687.505,534.601,1286.57
130,Bulgaria,,100,No,343.407,330.801,314.107,337.339,423.642,496.383,505.746,536.746,531.341,495.55,492.801,511.324,513.22,1390.536
131,Czech Republic,,203,No,598.773,543.668,445.296,517.635,686.944,732.351,839.526,948.291,801.471,679.73,672.452,706.719,744.693,1784.646
132,Hungary,,348,No,493.89,487.073,479.423,539.98,635.886,657.86,764.821,845.607,723.756,626.927,606.274,718.286,663.078,1712.079
133,Poland,,616,No,2033.464,1874.337,1802.888,2172.835,2655.85,3097.073,3256.03,2908.158,2475.038,2278.214,2645.433,2948.727,2556.61,5511.979
134,Republic of Moldova,(13),498,No,210.5,195.903,171.673,224.367,312.795,328.861,264.355,223.883,207.185,229.325,264.6,254.336,203.886,395.534
135,Romania,,642,No,1107.124,1084.481,1079.485,1123.483,1454.314,1746.277,1711.81,1737.922,1745.745,1556.037,1280.379,1511.824,1287.897,3271.808
136,Russian Federation,,643,No,8347.825,7616.31,6590.451,7172.057,10552.312,12699.783,11503.509,10495.296,9343.166,9472.534,11288.459,10661.282,8555.974,18534.729
137,Slovakia,,703,No,288.722,271.122,259.728,312.351,391.052,434.918,468.717,462.636,384.189,355.457,383.638,391.992,339.918,705.782
138,Ukraine,,804,No,2460.893,2196.252,1865.576,2340.916,3224.21,3837.808,3581.949,3314.31,3015.352,3092.348,3394.357,3318.413,2788.912,6807.509
140,Channel Islands,(14),830,No,7.915,8.07,8.172,8.927,9.766,10.363,11.134,11.641,12.404,13.124,12.48,11.192,9.952,26.881
141,Denmark,,208,No,321.414,328.158,335.352,355.868,356.292,326.686,324.834,367.378,400.321,409.864,386.803,348.911,351.664,1005.548
142,Estonia,,233,No,71.014,70.487,62.354,64.719,82.814,95.82,90.322,88.891,88.678,87.004,87.412,86.805,78.991,231.939
144,Finland,(15),246,No,304.735,295.986,290.537,318.842,337.143,334.381,352.115,325.992,321.195,369.068,374.944,371.351,396.832,1033.203
145,Iceland,,352,No,23.979,22.698,21.371,22.959,24.099,23.952,23.668,22.431,21.567,21.512,22.004,20.099,16.975,42.221
146,Ireland,,372,No,360.004,337.209,301.696,286.367,277.139,334.152,405.435,366.166,335.135,306.852,284.387,250.83,224.695,557.105
148,Latvia,,428,No,111.119,103.827,90.008,101.1,141.734,154.998,140.142,136.922,140.622,141.713,149.845,139.604,118.238,380.448
149,Lithuania,,440,No,164.653,148.129,145.031,182.475,227.907,242.838,219.474,206.846,213.773,223.628,225.027,192.474,153.404,471.273
150,Norway,(16),578,No,319.572,308.413,309.896,329.063,331.738,324.954,322.944,340.659,370.68,359.035,329.296,307.32,292.207,796.894
151,Sweden,,752,No,573.888,547.586,497.253,562.17,670.381,612.75,581.153,605.169,657.384,656.076,604.507,566.456,589.003,1847.331
152,United Kingdom of Great Britain and Northern Ireland,,826,No,3907.289,3739.109,3433.346,3731.678,4113.19,4324.833,4106.524,3975.671,4432.468,4684.509,4331.25,3708.199,3602.401,11045.799
154,Albania,,8,No,196.199,203.083,255.157,299.256,285.878,229.939,199.159,198.571,204.633,208.096,210.438,196.429,144.419,342.015
156,Bosnia and Herzegovina,,70,No,164.34,186.482,252.71,277.814,280.032,280.286,255.921,237.666,258.34,295.642,290.905,248.499,203.75,596.922
157,Croatia,,191,No,208.625,210.014,217.379,244.06,248.528,277.161,297.681,291.51,283.612,296.898,317.849,318.397,293.219,784.78
159,Greece,,300,No,559.497,551.033,517.137,536.033,572.873,670.774,808.269,865.54,865.328,832.246,762.675,728.588,668.39,2189.607
161,Italy,,380,No,2864.354,2866.262,2834.147,2925.411,3127.12,3338.694,3789.463,4472.708,4945.469,4912.621,4472.573,3856.78,3688.984,12895.69
162,Malta,,470,No,20.06,20.392,22.413,26.601,28.9,30.842,31.507,29.328,25.407,28.181,32.757,31.728,30.944,69.949
163,Montenegro,,499,No,37.642,39.631,39.249,43.647,43.364,43.553,46.294,42.412,40.365,41.409,43.856,41.836,37.046,81.077
164,Portugal,,620,No,483.395,533.442,550.966,543.421,568.529,647.73,778.102,842.371,811.676,778.469,756.461,688.923,632.963,1991.707
166,Serbia,(18),688,No,473.459,517.998,554.075,602.136,663.19,694.882,726.278,710.535,644.241,611.087,630.545,679.649,643.157,1359.272
167,Slovenia,,705,No,105.774,99.268,90.139,97.631,116.87,141.988,156.987,156.661,149.813,155.705,153.836,154.62,134.978,357.729
168,Spain,(19),724,No,2526.497,2472.352,2197.839,2124.163,2370.171,2889.329,3721.17,4106.189,3885.816,3656.676,3307.434,2828.452,2506.175,8334.699
169,The former Yugoslav Republic of Macedonia,,807,No,112.619,116.047,123.25,141.934,163.016,166.12,163.859,155.977,150.613,150.565,145.918,138.14,119.88,259.22
171,Austria,,40,No,407.26,400.692,420.556,479.699,534.81,555.403,556.157,541.017,643.202,722.259,669.34,548.341,454.367,1562.046
172,Belgium,,56,No,651.875,636.328,596.606,628.812,683.41,692.939,709.478,715.627,761.794,813.964,810.619,733.635,674.072,1995.319
173,France,,250,No,3944.594,3891.547,3866.272,3880.353,3996.633,4130.578,3862.611,3933.913,4511.698,4414.306,4275.669,4042.804,4036.88,11503.422
174,Germany,,276,No,3480.244,3524.826,3809.114,4143.922,4656.664,5180.992,5037.194,4816.731,5843.735,7233.311,6769.752,5794.674,4912.096,17523.37
176,Luxembourg,,442,No,30.822,29.905,31.596,32.807,33.184,35.531,39.193,39.713,41.5,42.646,38.641,32.462,27.146,75.235
178,Netherlands,,528,No,900.559,957.291,1005.698,1001.79,1030.597,1013.368,977.259,1040.069,1231.112,1307.379,1249.377,1116.469,1077.521,2850.74
179,Switzerland,,756,No,403.25,384.595,401.094,450.507,495.48,539.865,558.507,555.064,610.47,664.948,612.431,509.96,460.641,1431.023
183,Antigua and Barbuda,,28,No,7.263,7.403,7.778,7.953,7.415,6.641,5.823,5.738,7.762,7.571,5.329,4.159,2.754,6.395
184,Aruba,,533,No,5.769,6.914,7.281,7.491,6.392,5.168,6.021,6.947,7.738,8.782,9.1,7.565,6.025,11.718
185,Bahamas,,44,No,28.04,25.761,26.51,31.934,33.476,31.784,29.576,27.069,28.168,26.512,24.982,19.575,14.966,29.022
186,Barbados,,52,No,17.964,17.82,17.933,19.346,20.656,20.712,20.167,20.249,21.313,21.481,22.012,19.081,15.107,30.804
190,Cuba,,192,No,537.145,604.587,687.065,722.396,795.733,778.868,653.252,795.667,1039.938,1061.244,879.295,627.325,583.26,1499.852
191,Curaçao,,531,No,9.323,10.232,11.207,11.14,9.047,8.517,8.701,9.391,11.144,13.971,12.929,11.439,9.557,22.163
193,Dominican Republic,,214,No,1063.005,1060.149,1021.399,980.71,938.88,853.954,764.89,681.461,625.458,565.364,491.88,400.019,300.629,655.965
194,Grenada,,308,No,9.92,9.199,9.225,10.212,11.289,11.234,8.516,6.405,5.076,5.113,5.431,3.88,2.89,7.508
195,Guadeloupe,(21),312,No,31.952,33.719,34.416,34.474,29.892,28.459,24.884,28.042,34.88,36.83,34.171,28.047,23.716,62.318
196,Haiti,,332,No,1248.004,1199.968,1158.08,1099.972,1011.772,929.872,785.381,584.709,484.745,440.027,371.157,302.307,235.355,466.112
197,Jamaica,,388,No,242.396,243.032,269.577,286.684,239.632,204.003,178.387,174.107,186.137,182.616,147.56,116.725,92.563,220.471
198,Martinique,,474,No,22.196,25.373,26.93,29.115,26.511,20.572,17.738,22.367,30.302,33.706,32.169,27.421,23.75,65.532
200,Puerto Rico,,630,No,225.02,234.823,258.429,285.214,281.081,264.492,262.141,256.712,246.484,238.517,231.29,202.616,190.915,510.585
202,Saint Lucia,,662,No,13.981,14.321,15.251,16.355,15.573,13.843,13.619,13.023,12.85,12.429,10.66,8.066,6.225,16.077
203,Saint Vincent and the Grenadines,,670,No,8.833,9.189,9.644,10.151,9.664,9.04,8.47,7.605,6.895,7.001,6.759,4.962,3.547,7.614
205,Trinidad and Tobago,,780,No,96.607,94.447,87.555,88.447,102.167,122.377,120.14,97.072,88.436,91.053,94.353,76.357,61.316,120.826
207,United States Virgin Islands,,850,No,7.747,7.224,7.086,7.21,6.414,5.329,5.789,6.101,6.823,7.503,7.755,7.488,7.063,17.096
209,Belize,,84,No,38.398,37.557,36.459,34.497,31.636,29.018,26.736,23.104,19.545,15.764,11.642,8.221,6.15,13.172
210,Costa Rica,,188,No,365.224,375.94,403.797,422.012,449.399,449.913,400.125,345.063,314.317,317.561,288.52,227.376,170.459,342.46
211,El Salvador,,222,No,623.953,609.199,665.138,734.978,658.263,535.332,438.534,379.442,333.558,295.979,246.638,199.995,166.758,452.689
212,Guatemala,,320,No,2255.072,2085.598,1912.932,1701.918,1459.053,1218.441,1025.518,818.67,650.659,524.396,429.271,363.726,317.627,705.324
213,Honduras,,340,No,996.17,942.683,913.138,888.511,818.958,709.847,600.325,484.213,393.55,331.235,269.371,219.928,169.478,360.279
214,Mexico,,484,No,11272.584,11664.914,11896.672,11696.864,10783.629,9782.624,9103.734,9050.879,8409.473,6781.252,5554.598,4725.069,3761.742,7848.363
215,Nicaragua,,558,No,681.831,665.542,649.758,660.155,618.9,541.275,472.52,383.298,314.39,261.181,225.696,191.691,131.374,282.87
216,Panama,,591,No,369.053,366.056,358.261,340.087,320.153,306.581,292.231,279.569,258.393,226.89,191.753,154.613,120.985,279.545
218,Argentina,,32,No,3415.361,3322.149,3297.231,3397.002,3373.699,3231.931,3211.032,3044.181,2514.35,2272.57,2129.094,1962.058,1740.073,4535.514
219,Bolivia (Plurinational State of),,68,No,1285.318,1236.291,1198.26,1128.852,1027.056,862.621,733.877,648.841,569.55,468.997,395.559,328.33,264.3,523.349
220,Brazil,,76,No,14816.643,15949.634,17502.942,16900.795,16508.534,17382.18,17051.9,15034.947,13433.58,12711.288,11457.161,9262.306,7276.767,15073.245
221,Chile,,152,No,1221.351,1225.538,1266.578,1402.043,1504.368,1418.697,1248.188,1183.794,1241.198,1247.237,1195.125,965.146,742.53,1757.915
222,Colombia,,170,No,4490.301,4475.112,4407.027,4391.828,4250.409,3968.964,3714.723,3350.275,3094.061,2983.918,2531.557,2063.525,1620.082,2979.622
223,Ecuador,,218,No,1602.153,1578.732,1533.129,1459.13,1401.923,1310.44,1180.403,1079.082,965.174,836.237,705.373,594.749,464.756,1026.597
225,French Guiana,,254,No,27.898,26.843,25.638,23.41,21.572,18.414,15.956,15.726,16.307,15.002,12.232,10.449,7.943,11.835
226,Guyana,,328,No,85.33,102.939,100.547,79.554,64.591,60.345,57.122,55.608,51.213,42.891,32.778,24.193,15.531,26.973
227,Paraguay,,600,No,763.355,728.604,713.825,689.098,654.909,607.064,519.795,405.515,342.782,313.355,272.619,233.388,186.3,371.687
228,Peru,,604,No,2926.095,2905.86,2908.221,2896.427,2797.771,2562.796,2348.05,2159.052,1880.179,1642.892,1390.079,1123.279,891.999,1942.902
229,Suriname,,740,No,46.924,48.881,51.82,47.122,43.262,45.427,40.359,36.403,37.5,35.265,31.33,22.559,16.608,35.816
230,Uruguay,,858,No,243.815,246.56,253.675,262.843,258.67,235.771,230.741,237.375,215.546,201.887,201.207,181.426,156.826,480.72
231,Venezuela (Bolivarian Republic of),,862,No,2954.126,2902.581,2817.731,2743.908,2715.487,2602.622,2362.889,2094.184,1853.2,1753.76,1514.123,1219.272,993.127,1878.195
234,Canada,,124,No,1979.327,1892.292,1893.886,2132.494,2387.302,2471.154,2425.342,2328.17,2345.556,2594.93,2776.027,2470.661,2136.889,5347.674
237,United States of America,,840,No,20807.17,20739.298,21003.236,21792.725,22455.754,22037.892,21251.011,20404.512,20624.395,21791.429,22719.052,21307.54,18435.22,44681.481
239,Australia and New Zealand,,927,,1868.979,1764.645,1712.801,1821.285,1964.092,2050.219,1940.133,1880.158,1934.83,1890.547,1863.776,1670.895,1513.556,3972.397
240,Australia,(22),36,No,1554.564,1459.327,1423.056,1510.192,1637.77,1738.978,1659.097,1596.42,1625.225,1573.035,1549.201,1400.984,1272.207,3342.498
241,New Zealand,,554,No,314.415,305.318,289.745,311.093,326.322,311.241,281.036,283.738,309.605,317.512,314.575,269.911,241.349,629.899
243,Fiji,,242,No,89.186,85.671,79.255,79.042,77.248,73.258,70.657,59.263,51.649,51.415,49.209,39.055,28.492,47.666
244,New Caledonia,,540,No,19.67,19.049,19.198,20.629,20.776,18.494,17.502,18.798,19.12,17.662,16.025,13.139,10.758,25.676
245,Papua New Guinea,,598,No,983.506,930.144,866.8,772.738,651.671,579.895,533.656,485.372,410.219,307.221,246.8,195.94,144.964,212.336
246,Solomon Islands,,90,No,81.635,75.812,67.823,59.379,49.276,42.277,39.751,36.266,28.862,21.377,17.148,12.935,9.81,18.877
247,Vanuatu,,548,No,33.372,32.105,27.852,25.427,22.26,22.274,18.3,14.968,12.888,11.336,9.607,6.822,5.536,10.018
249,Guam,,316,No,14.1,14.376,14.846,14.57,13.531,11.754,10.447,10.599,11.139,11.14,10.156,8.164,6.929,13.371
250,Kiribati,,296,No,11.052,10.526,10.987,11.33,10.504,9.028,7.32,5.574,5.459,5.899,4.512,3.459,2.481,4.219
252,Micronesia (Federated States of),,583,No,11.594,11.94,12.937,13.097,11.572,9.493,6.765,3.849,3.446,3.934,3.945,3.764,3.016,4.195
259,French Polynesia,,258,No,20.262,18.815,23.606,23.969,24.951,22.895,20.535,20.167,20.924,20.198,16.561,13.86,10.063,20.023
261,Samoa,,882,No,24.999,24.616,22.15,20.227,16.041,12.265,11.217,10.623,10.267,9.349,7.878,6.382,4.608,9.75
263,Tonga,,776,No,13.343,13.33,12.546,11.28,8.97,7.078,6.742,6.148,5.661,4.43,3.976,3.41,2.239,6.17
